trabajador_provedor_id,nombre,apellido,edad,identificacion_nacional,proveedor_id
1,Jyoti,McKeighan,36,6256073169,137
2,Linn,Abrashkin,36,1257562835,47
3,Jarred,Euston,23,3570473384,65
4,Timothee,Jacquemet,23,4140287195,125
5,Belle,Goad,22,7137999840,143
6,Rora,Atherton,33,4342293021,62
7,Basia,Tesdale,19,3889042058,30
8,Meghan,Harroway,37,8624256984,104
9,Debby,Penritt,63,7224828904,38
10,Page,Aizikovitz,44,1411695615,19
11,Darby,Monni,38,3128894353,162
12,Andonis,Kibbye,39,2428003348,53
13,Burton,Duling,33,3241151867,103
14,Jocelin,Olekhov,52,6669961359,61
15,Rycca,Sutheran,37,1247058441,124
16,Elijah,Mongin,18,6775369492,176
17,Coreen,Norley,52,6990607106,167
18,Pascale,Haycroft,20,8336650415,114
19,Lemar,Whelpdale,53,8650436501,193
20,Alyson,Croysdale,46,4591536688,86
21,Dulcine,Beushaw,31,6332611189,138
22,Benn,Grahamslaw,26,9736946908,147
23,Gay,Phillimore,48,7839181627,191
24,Nevil,Streatfield,56,0116039825,24
25,Angel,Beadles,49,0643989218,146
26,Kinnie,Swateridge,38,1015828396,173
27,Dena,Hainge,46,5810131530,112
28,Welbie,Cowdroy,60,7110403033,133
29,Vernor,Pedycan,52,1980468249,122
30,Josi,Segot,28,6060085873,72
31,Elton,Tutton,21,8180996328,51
32,Ollie,Sterman,38,3053337835,87
33,Shanda,Le Moucheux,34,3325016391,143
34,Clarie,Hancell,31,9155611451,111
35,Margarete,Moncreiff,37,0680607900,148
36,Fraser,Kibbye,46,6065204161,101
37,Todd,Christian,35,6912853641,114
38,Elmore,O'Griffin,37,8451993575,31
39,Elianore,Whatford,63,6169301228,89
40,Lilian,Vance,51,3939935301,96
41,Neysa,Bycraft,21,9228925426,55
42,Emelda,Proffer,65,8045305363,172
43,Grover,Deverson,39,4286473023,110
44,Jeana,Hyman,34,9362412314,146
45,Ailene,Rummery,36,8217878854,22
46,Sisile,Concannon,26,0616833946,32
47,Casi,Adie,32,2474212310,90
48,Zebulen,Awty,21,9812657851,118
49,Nanine,Joesbury,19,8258053493,119
50,Alric,Scamerden,42,4445082325,179
51,Mickey,Kimber,27,1237332664,128
52,Honoria,Deary,36,5618406667,80
53,Marcellus,Lehemann,47,6714689950,141
54,Benson,Trounson,56,2032323028,135
55,Vittorio,Nial,24,1882940490,183
56,Hammad,Inkpen,35,6341684770,126
57,Rubin,Rudgard,40,4518200187,15
58,Karin,Lappin,62,1913949605,10
59,Edita,Booij,52,0489874169,181
60,Culley,Vasser,44,3208012713,200
61,Darrick,Stutely,64,1104119463,175
62,Wallache,Jimson,34,2996204379,29
63,Gerard,Bramich,25,8928443806,48
64,Barri,Layhe,23,3124563409,119
65,Waylan,Fruchter,42,4076115325,25
66,Charmaine,Brecknock,25,9076321973,4
67,Laurens,Menure,31,6136140403,168
68,Shaw,Hartfleet,50,9602792485,30
69,Amerigo,Marfell,27,8711472332,145
70,Fredia,Beckinsall,64,8596613501,161
71,Sigmund,Liff,21,8779041841,13
72,Carmela,Wippermann,59,3555397206,155
73,Carolann,Deniskevich,32,5468109514,67
74,Fitzgerald,Hardey,48,3000256636,53
75,Erny,Christophers,65,1629303623,8
76,Marty,Emmison,60,0418690146,1
77,Janis,Harborow,19,4056717478,15
78,Theresita,Slowgrave,42,8465429057,94
79,Danette,Kilbee,50,8019846689,93
80,Trula,Hancorn,47,9967898291,43
81,Oliy,Sowrey,52,0756788641,190
82,Falkner,Van Halen,22,8978142974,124
83,Laney,Yarnall,46,2006022318,3
84,Vince,Bygott,63,1196115060,164
85,Giselbert,Pescud,39,4920893973,102
86,Brandie,Pinckard,54,5466531510,146
87,North,Antal,48,3100084845,183
88,Sybil,Dugood,38,1577557670,136
89,Luce,Borton,40,0160773075,87
90,Drucy,Redihalgh,44,5277761888,140
91,Maurene,Bettington,29,9380735251,84
92,Kathryne,Hiskey,36,6596783502,108
93,Amos,Wheildon,48,9599441494,144
94,Siegfried,Coiley,18,9200218040,90
95,Dita,McConigal,55,9480705591,176
96,Janis,Crosham,34,8820133148,61
97,Mickey,Kettle,18,3304839852,151
98,Kayla,Foat,26,2295075734,78
99,Kylie,Adamovitch,54,2647958025,96
100,Judah,Pepperell,56,7205117313,105
101,Kameko,Featherstone,23,8623399757,187
102,Alisa,Kesby,57,9178551129,121
103,Rosemaria,Loutheane,64,0689845014,132
104,Queenie,Bonnier,24,9936704304,22
105,Dalston,Easthope,41,4692362383,13
106,Kin,Scurman,41,1020425342,185
107,Mollee,Piche,40,8898939132,14
108,Mina,Goddman,35,7193868357,6
109,Latia,Ladlow,65,5858543456,28
110,Meaghan,Wortt,62,9075562632,184
111,Celestia,O'Sheils,37,2735179435,158
112,Gar,Aronsohn,25,6899687445,49
113,Penny,Ricioppo,58,2555866841,16
114,Miner,Spadotto,61,2479446107,156
115,Moira,Heggs,46,2690889471,2
116,Arman,Bartholomaus,22,4835305477,11
117,Beilul,Yosselevitch,49,2225128456,116
118,Vinson,McGoogan,31,3867741360,39
119,Leona,St. Paul,45,5654943065,85
120,Jenelle,Duny,31,6695848165,93
121,Knox,Bjorkan,57,1123109532,188
122,Pascal,Barbour,28,7367936239,26
123,Fons,Dun,30,8058300349,154
124,Clotilda,De Dantesie,52,8272453126,18
125,Maureene,Catherick,36,1324777621,90
126,Thacher,Dicey,20,5035465403,147
127,Starr,McFarland,20,6200072612,94
128,Sileas,Longmaid,28,6415468707,150
129,Nels,Brim,35,7235772735,78
130,Kevin,Goggey,34,9892552652,86
131,Blanch,Standall,24,7810021125,126
132,Lexine,Cashell,44,6242718960,129
133,Keen,Whittock,61,4129624245,55
134,Pennie,Cradoc,37,7128953108,81
135,Alwin,Radmore,64,6841192834,170
136,Preston,MacGiolla,37,0648851923,41
137,Isobel,Kinker,62,6092136988,70
138,Arny,Shorie,21,5157592086,200
139,Abagail,Manjot,31,8336002189,114
140,Ida,Whellams,29,8798383159,48
141,Valentine,Cordsen,53,7444767025,152
142,Madelle,Farlham,36,3603352211,24
143,Emmye,Summerell,49,1611722594,111
144,Torrin,Larcier,19,9809276370,122
145,Claude,Bartolijn,36,8336641203,10
146,Shantee,Macklin,50,6706415006,116
147,Dex,Garrals,47,2351591933,162
148,Wrennie,Melonby,58,7534310377,129
149,Marian,Andreacci,50,3342397195,197
150,Deloris,Goscomb,57,1345088280,141
151,Dedie,Mullany,64,0862196000,8
152,Cobby,Le Jean,63,9198744712,122
153,Caty,Lawrenson,64,8943252900,98
154,Bibby,Coddrington,20,9828453053,68
155,Ernestus,Pordall,34,4280184143,27
156,Roze,Scalera,54,9641331345,32
157,Abby,Yegorev,61,2154164560,76
158,Janaye,Kollasch,57,9361167014,111
159,Christy,Mountlow,57,8049352250,164
160,Jamie,Champneys,23,6339402259,182
161,Rozelle,Jaram,58,6116033512,153
162,Wells,Clemens,57,5296120787,105
163,Barbra,Kennett,26,6594214748,142
164,Rees,Ramos,29,7086916412,37
165,Loutitia,Caldicott,29,5420729873,14
166,Maurene,Kerbey,45,2570686611,33
167,Ange,Corssen,19,4443506462,68
168,Brett,Keepence,46,5140746212,63
169,Maitilde,Dumberrill,64,0384243509,131
170,Clive,Muccino,65,3465991281,56
171,Carissa,Van Dijk,36,7863675081,108
172,Anastassia,Chiechio,52,1514829746,200
173,Kirbie,Lepere,40,5666334158,75
174,Doll,Ubee,51,2671149425,47
175,Quent,Alexandersen,30,1262629136,49
176,Giorgi,Fattori,21,3280965349,148
177,Dahlia,Perrinchief,24,7651431847,29
178,Darius,Smith,52,5748719320,101
179,Tommie,Crispin,31,4306010007,105
180,Anatol,Fawdry,56,5613040184,125
181,Lillis,Cordelet,24,1166721701,124
182,Gottfried,Chowne,56,2602010081,90
183,Myrlene,Gumly,54,8636119286,13
184,Mortimer,Iacomo,38,2183505311,13
185,Nerta,Longford,63,3779871785,100
186,Jordana,Simonich,28,2992372749,121
187,Ryan,Blackney,65,7598297088,104
188,Aubert,Jiroudek,56,4206293716,25
189,Conrad,Elgood,36,9841953625,52
190,Etienne,Milksop,19,1765751136,80
191,Reena,Dymock,54,0341914657,171
192,Josie,Heindl,22,0768426340,139
193,Donn,Dederich,20,2925805965,93
194,Andy,Hutchison,54,3512605230,28
195,Feodora,Lording,60,1644892332,73
196,Zed,Halleybone,45,8896508738,151
197,Allan,Kaman,53,2038976880,167
198,Mack,Czapla,21,8037483029,32
199,Darb,Pennycook,36,9382022627,113
200,Arlen,Rivel,39,3939155721,117
